{
  "results": [
    {
      "command": "fib v1.7.4",
      "mean": 1.9755384335066666,
      "stddev": 0.0258710492842612,
      "median": 1.9636599898400002,
      "user": 1.9561971533333335,
      "system": 0.009804226666666667,
      "min": 1.93306007284,
      "max": 2.01694390584,
      "times": [
        1.98816928084,
        1.94958382284,
        1.93306007284,
        1.9880420308400002,
        1.96019248884,
        1.96313878084,
        2.01271628084,
        1.9636599898400002,
        1.94803123884,
        2.00523640584,
        1.95704219684,
        2.01694390584,
        1.98902223884,
        1.95960869684,
        1.9986290718400002
      ],
      "memory_usage_byte": [
        15958016,
        15958016,
        15958016,
        15958016,
        15958016,
        15958016,
        15958016,
        15958016,
        15958016,
        15958016,
        15958016,
        15958016,
        15958016,
        15958016,
        15958016
      ],
      "exit_codes": [
        0,
        0,
        0,
        0,
        0,
        0,
        0,
        0,
        0,
        0,
        0,
        0,
        0,
        0,
        0
      ]
    },
    {
      "command": "fib main",
      "mean": 2.306026672506666,
      "stddev": 0.18773069016193425,
      "median": 2.2557182388399997,
      "user": 2.23029082,
      "system": 0.018355426666666664,
      "min": 2.1485088228399998,
      "max": 2.8605511138399997,
      "times": [
        2.18385040584,
        2.1658185308399998,
        2.2557182388399997,
        2.2638350728399996,
        2.8605511138399997,
        2.51516561384,
        2.3090678638399997,
        2.46029465584,
        2.29823432284,
        2.1778242398399996,
        2.1485088228399998,
        2.16884715584,
        2.19026823884,
        2.34977615584,
        2.2426396558399997
      ],
      "memory_usage_byte": [
        16826368,
        16826368,
        17006592,
        17006592,
        17006592,
        17006592,
        17006592,
        17006592,
        17006592,
        17006592,
        17006592,
        17006592,
        17006592,
        17006592,
        17006592
      ],
      "exit_codes": [
        0,
        0,
        0,
        0,
        0,
        0,
        0,
        0,
        0,
        0,
        0,
        0,
        0,
        0,
        0
      ]
    }
  ]
}
