{
  "results": [
    {
      "command": "tak v1.7.4",
      "mean": 2.080932906886667,
      "stddev": 0.14259113296283993,
      "median": 1.9974071958200001,
      "user": 2.014941393333333,
      "system": 0.01350902,
      "min": 1.95043019582,
      "max": 2.43118244582,
      "times": [
        1.9974071958200001,
        1.99331327882,
        2.11857857082,
        2.2077705288200002,
        1.9808759878200002,
        2.01561769582,
        2.10591936282,
        2.26245711182,
        1.9968546958200002,
        1.95043019582,
        1.9796014878200001,
        1.96580752882,
        1.97511094582,
        2.23306657082,
        2.43118244582
      ],
      "memory_usage_byte": [
        15384576,
        15384576,
        15384576,
        15384576,
        15384576,
        15384576,
        15384576,
        15384576,
        15384576,
        15384576,
        15384576,
        15384576,
        15384576,
        15384576,
        15646720
      ],
      "exit_codes": [
        0,
        0,
        0,
        0,
        0,
        0,
        0,
        0,
        0,
        0,
        0,
        0,
        0,
        0,
        0
      ]
    },
    {
      "command": "tak main",
      "mean": 2.2191877180866664,
      "stddev": 0.04444784428866888,
      "median": 2.20397411282,
      "user": 2.1993865266666663,
      "system": 0.008142553333333333,
      "min": 2.17439032082,
      "max": 2.33367736182,
      "times": [
        2.33367736182,
        2.29637902882,
        2.19020573782,
        2.21875365482,
        2.18687744582,
        2.19755115382,
        2.17439032082,
        2.21445652982,
        2.1945821958200002,
        2.21392340382,
        2.1791109038200003,
        2.25561932082,
        2.22761323782,
        2.20070136282,
        2.20397411282
      ],
      "memory_usage_byte": [
        16482304,
        16482304,
        16482304,
        16482304,
        16482304,
        16482304,
        16482304,
        16482304,
        16482304,
        16482304,
        16482304,
        16482304,
        16482304,
        16482304,
        16482304
      ],
      "exit_codes": [
        0,
        0,
        0,
        0,
        0,
        0,
        0,
        0,
        0,
        0,
        0,
        0,
        0,
        0,
        0
      ]
    }
  ]
}
